Step,Group,Differential Privacy,Accuracy
37,Overall,High DP (ε=1.15),0.494582443
74,Overall,High DP (ε=1.15),0.494082336
111,Overall,High DP (ε=1.15),0.494249039
148,Overall,High DP (ε=1.15),0.494415741
185,Overall,High DP (ε=1.15),0.494749107
222,Overall,High DP (ε=1.15),0.495415916
259,Overall,High DP (ε=1.15),0.495249214
296,Overall,High DP (ε=1.15),0.495415916
333,Overall,High DP (ε=1.15),0.496749458
370,Overall,High DP (ε=1.15),0.497249527
407,Overall,High DP (ε=1.15),0.503583946
444,Overall,High DP (ε=1.15),0.513418884
481,Overall,High DP (ε=1.15),0.519253197
518,Overall,High DP (ε=1.15),0.530421753
555,Overall,High DP (ε=1.15),0.529254875
592,Overall,High DP (ε=1.15),0.545090866
629,Overall,High DP (ε=1.15),0.54525753
666,Overall,High DP (ε=1.15),0.544924164
703,Overall,High DP (ε=1.15),0.551758614
740,Overall,High DP (ε=1.15),0.552425423
777,Overall,High DP (ε=1.15),0.5672612
814,Overall,High DP (ε=1.15),0.560093346
851,Overall,High DP (ε=1.15),0.564260712
888,Overall,High DP (ε=1.15),0.572095337
925,Overall,High DP (ε=1.15),0.573428917
962,Overall,High DP (ε=1.15),0.578929825
999,Overall,High DP (ε=1.15),0.577596283
1036,Overall,High DP (ε=1.15),0.579429893
1073,Overall,High DP (ε=1.15),0.577096176
1110,Overall,High DP (ε=1.15),0.579596596
1147,Overall,High DP (ε=1.15),0.578263054
1184,Overall,High DP (ε=1.15),0.589431572
1221,Overall,High DP (ε=1.15),0.576596107
1258,Overall,High DP (ε=1.15),0.583263893
1295,Overall,High DP (ε=1.15),0.583930664
1332,Overall,High DP (ε=1.15),0.575095863
1369,Overall,High DP (ε=1.15),0.587264557
1406,Overall,High DP (ε=1.15),0.598599777
1443,Overall,High DP (ε=1.15),0.598766479
1480,Overall,High DP (ε=1.15),0.603767281
1517,Overall,High DP (ε=1.15),0.605267563
1554,Overall,High DP (ε=1.15),0.609268227
1591,Overall,High DP (ε=1.15),0.61326889
1628,Overall,High DP (ε=1.15),0.612602081
1665,Overall,High DP (ε=1.15),0.61576931
1702,Overall,High DP (ε=1.15),0.622103691
1739,Overall,High DP (ε=1.15),0.625270882
1776,Overall,High DP (ε=1.15),0.623770638
1813,Overall,High DP (ε=1.15),0.63527256
1850,Overall,High DP (ε=1.15),0.63077179
1887,Overall,High DP (ε=1.15),0.636772804
1924,Overall,High DP (ε=1.15),0.642440414
1961,Overall,High DP (ε=1.15),0.651608582
1998,Overall,High DP (ε=1.15),0.651108551
2035,Overall,High DP (ε=1.15),0.65344223
2072,Overall,High DP (ε=1.15),0.65727623
2109,Overall,High DP (ε=1.15),0.665610962
2146,Overall,High DP (ε=1.15),0.66544426
2183,Overall,High DP (ε=1.15),0.667611237
37,Overall,Med DP (ε=4.98),0.49491581
74,Overall,Med DP (ε=4.98),0.494082336
111,Overall,Med DP (ε=4.98),0.494749107
148,Overall,Med DP (ε=4.98),0.500750122
185,Overall,Med DP (ε=4.98),0.507917976
222,Overall,Med DP (ε=4.98),0.515585938
259,Overall,Med DP (ε=4.98),0.521753616
296,Overall,Med DP (ε=4.98),0.527254524
333,Overall,Med DP (ε=4.98),0.545924339
370,Overall,Med DP (ε=4.98),0.553258858
407,Overall,Med DP (ε=4.98),0.567594604
444,Overall,Med DP (ε=4.98),0.575762634
481,Overall,Med DP (ε=4.98),0.58359726
518,Overall,Med DP (ε=4.98),0.58559761
555,Overall,Med DP (ε=4.98),0.582263718
592,Overall,Med DP (ε=4.98),0.598766479
629,Overall,Med DP (ε=4.98),0.599933319
666,Overall,Med DP (ε=4.98),0.604767456
703,Overall,Med DP (ε=4.98),0.622270393
740,Overall,Med DP (ε=4.98),0.621603584
777,Overall,Med DP (ε=4.98),0.63960659
814,Overall,Med DP (ε=4.98),0.645107498
851,Overall,Med DP (ε=4.98),0.658609772
888,Overall,Med DP (ε=4.98),0.664110718
925,Overall,Med DP (ε=4.98),0.680280075
962,Overall,Med DP (ε=4.98),0.696782761
999,Overall,Med DP (ε=4.98),0.710618439
1036,Overall,Med DP (ε=4.98),0.724120712
1073,Overall,Med DP (ε=4.98),0.735955963
1110,Overall,Med DP (ε=4.98),0.752458725
1147,Overall,Med DP (ε=4.98),0.760793457
1184,Overall,Med DP (ε=4.98),0.772795486
1221,Overall,Med DP (ε=4.98),0.776462708
1258,Overall,Med DP (ε=4.98),0.788131332
1295,Overall,Med DP (ε=4.98),0.791965332
1332,Overall,Med DP (ε=4.98),0.791131821
1369,Overall,Med DP (ε=4.98),0.805967636
1406,Overall,Med DP (ε=4.98),0.811635284
1443,Overall,Med DP (ε=4.98),0.813135529
1480,Overall,Med DP (ε=4.98),0.817136154
1517,Overall,Med DP (ε=4.98),0.818636475
1554,Overall,Med DP (ε=4.98),0.821303558
1591,Overall,Med DP (ε=4.98),0.819636612
1628,Overall,Med DP (ε=4.98),0.824970856
1665,Overall,Med DP (ε=4.98),0.831638641
1702,Overall,Med DP (ε=4.98),0.833805618
1739,Overall,Med DP (ε=4.98),0.833138885
1776,Overall,Med DP (ε=4.98),0.835472565
1813,Overall,Med DP (ε=4.98),0.839473267
1850,Overall,Med DP (ε=4.98),0.835305862
1887,Overall,Med DP (ε=4.98),0.839306564
1924,Overall,Med DP (ε=4.98),0.842473755
1961,Overall,Med DP (ε=4.98),0.844974136
1998,Overall,Med DP (ε=4.98),0.840973511
2035,Overall,Med DP (ε=4.98),0.84214035
2072,Overall,Med DP (ε=4.98),0.841473541
2109,Overall,Med DP (ε=4.98),0.847974625
2146,Overall,Med DP (ε=4.98),0.845307541
2183,Overall,Med DP (ε=4.98),0.843640594
37,Overall,Low DP (ε=16.2),0.494582443
74,Overall,Low DP (ε=16.2),0.494749107
111,Overall,Low DP (ε=16.2),0.499749947
148,Overall,Low DP (ε=16.2),0.516919479
185,Overall,Low DP (ε=16.2),0.53275547
222,Overall,Low DP (ε=16.2),0.545090866
259,Overall,Low DP (ε=16.2),0.552925491
296,Overall,Low DP (ε=16.2),0.560593414
333,Overall,Low DP (ε=16.2),0.573595581
370,Overall,Low DP (ε=16.2),0.577262878
407,Overall,Low DP (ε=16.2),0.584597435
444,Overall,Low DP (ε=16.2),0.595932655
481,Overall,Low DP (ε=16.2),0.613102188
518,Overall,Low DP (ε=16.2),0.629104843
555,Overall,Low DP (ε=16.2),0.63077179
592,Overall,Low DP (ε=16.2),0.659609909
629,Overall,Low DP (ε=16.2),0.667611237
666,Overall,Low DP (ε=16.2),0.690948486
703,Overall,Low DP (ε=16.2),0.715285873
740,Overall,Low DP (ε=16.2),0.729788284
777,Overall,Low DP (ε=16.2),0.747624588
814,Overall,Low DP (ε=16.2),0.767794647
851,Overall,Low DP (ε=16.2),0.779629974
888,Overall,Low DP (ε=16.2),0.790298386
925,Overall,Low DP (ε=16.2),0.80313385
962,Overall,Low DP (ε=16.2),0.810801773
999,Overall,Low DP (ε=16.2),0.813135529
1036,Overall,Low DP (ε=16.2),0.819970016
1073,Overall,Low DP (ε=16.2),0.819636612
1110,Overall,Low DP (ε=16.2),0.826137695
1147,Overall,Low DP (ε=16.2),0.828304749
1184,Overall,Low DP (ε=16.2),0.832305374
1221,Overall,Low DP (ε=16.2),0.832638779
1258,Overall,Low DP (ε=16.2),0.83513916
1295,Overall,Low DP (ε=16.2),0.837639618
1332,Overall,Low DP (ε=16.2),0.835639267
1369,Overall,Low DP (ε=16.2),0.842473755
1406,Overall,Low DP (ε=16.2),0.844640808
1443,Overall,Low DP (ε=16.2),0.846974487
1480,Overall,Low DP (ε=16.2),0.847307892
1517,Overall,Low DP (ε=16.2),0.846307755
1554,Overall,Low DP (ε=16.2),0.848641434
1591,Overall,Low DP (ε=16.2),0.846974487
1628,Overall,Low DP (ε=16.2),0.848308029
1665,Overall,Low DP (ε=16.2),0.850141678
1702,Overall,Low DP (ε=16.2),0.852142029
1739,Overall,Low DP (ε=16.2),0.852142029
1776,Overall,Low DP (ε=16.2),0.853475571
1813,Overall,Low DP (ε=16.2),0.854475708
1850,Overall,Low DP (ε=16.2),0.852475433
1887,Overall,Low DP (ε=16.2),0.855809326
1924,Overall,Low DP (ε=16.2),0.855642624
1961,Overall,Low DP (ε=16.2),0.856142654
1998,Overall,Low DP (ε=16.2),0.85730957
2035,Overall,Low DP (ε=16.2),0.858809814
2072,Overall,Low DP (ε=16.2),0.857142868
2109,Overall,Low DP (ε=16.2),0.860143356
2146,Overall,Low DP (ε=16.2),0.859809952
2183,Overall,Low DP (ε=16.2),0.85964325
37,Overall,Non-DP,0.89864975
74,Overall,Non-DP,0.90131691
111,Overall,Non-DP,0.893315582
148,Overall,Non-DP,0.90681778
185,Overall,Non-DP,0.906151047
222,Overall,Non-DP,0.907651291
259,Overall,Non-DP,0.900983505
296,Overall,Non-DP,0.904817505
333,Overall,Non-DP,0.902650452
370,Overall,Non-DP,0.902317047
407,Overall,Non-DP,0.903817291
444,Overall,Non-DP,0.903650589
481,Overall,Non-DP,0.897983017
518,Overall,Non-DP,0.899483261
555,Overall,Non-DP,0.905150833
592,Overall,Non-DP,0.906651077
629,Overall,Non-DP,0.889981689
666,Overall,Non-DP,0.905150833
703,Overall,Non-DP,0.90131691
740,Overall,Non-DP,0.90681778
777,Overall,Non-DP,0.900149994
814,Overall,Non-DP,0.902817154
851,Overall,Non-DP,0.902483749
888,Overall,Non-DP,0.903150558
925,Overall,Non-DP,0.906151047
962,Overall,Non-DP,0.9044841
999,Overall,Non-DP,0.904317398
1036,Overall,Non-DP,0.900483398
1073,Overall,Non-DP,0.898149719
1110,Overall,Non-DP,0.895482559
1147,Overall,Non-DP,0.905484238
1184,Overall,Non-DP,0.909151535
1221,Overall,Non-DP,0.905817642
1258,Overall,Non-DP,0.905150833
1295,Overall,Non-DP,0.904317398
1332,Overall,Non-DP,0.9044841
1369,Overall,Non-DP,0.904317398
1406,Overall,Non-DP,0.9044841
1443,Overall,Non-DP,0.893648911
1480,Overall,Non-DP,0.9044841
1517,Overall,Non-DP,0.898483047
1554,Overall,Non-DP,0.903317184
1591,Overall,Non-DP,0.900816803
1628,Overall,Non-DP,0.902817154
1665,Overall,Non-DP,0.900149994
1702,Overall,Non-DP,0.904150696
1739,Overall,Non-DP,0.904317398
1776,Overall,Non-DP,0.907151184
1813,Overall,Non-DP,0.910318375
1850,Overall,Non-DP,0.903317184
1887,Overall,Non-DP,0.903150558
1924,Overall,Non-DP,0.905150833
1961,Overall,Non-DP,0.899649963
1998,Overall,Non-DP,0.891815338
2035,Overall,Non-DP,0.897816315
2072,Overall,Non-DP,0.906151047
2109,Overall,Non-DP,0.907651291
2146,Overall,Non-DP,0.903150558
2183,Overall,Non-DP,0.902650452
37,Female,High DP (ε=1.15),0.494258385
74,Female,High DP (ε=1.15),0.493779907
111,Female,High DP (ε=1.15),0.494019127
148,Female,High DP (ε=1.15),0.494258385
185,Female,High DP (ε=1.15),0.494258385
222,Female,High DP (ε=1.15),0.494497604
259,Female,High DP (ε=1.15),0.494736824
296,Female,High DP (ε=1.15),0.494736824
333,Female,High DP (ε=1.15),0.496172256
370,Female,High DP (ε=1.15),0.496650734
407,Female,High DP (ε=1.15),0.503110046
444,Female,High DP (ε=1.15),0.510765533
481,Female,High DP (ε=1.15),0.516267929
518,Female,High DP (ε=1.15),0.52727272
555,Female,High DP (ε=1.15),0.526315804
592,Female,High DP (ε=1.15),0.543779907
629,Female,High DP (ε=1.15),0.544736824
666,Female,High DP (ε=1.15),0.544497604
703,Female,High DP (ε=1.15),0.551913872
740,Female,High DP (ε=1.15),0.554545441
777,Female,High DP (ε=1.15),0.569856453
814,Female,High DP (ε=1.15),0.561722488
851,Female,High DP (ε=1.15),0.566028709
888,Female,High DP (ε=1.15),0.577033501
925,Female,High DP (ε=1.15),0.577511978
962,Female,High DP (ε=1.15),0.583971291
999,Female,High DP (ε=1.15),0.582057419
1036,Female,High DP (ε=1.15),0.584688988
1073,Female,High DP (ε=1.15),0.581578941
1110,Female,High DP (ε=1.15),0.583014336
1147,Female,High DP (ε=1.15),0.582535896
1184,Female,High DP (ε=1.15),0.595454559
1221,Female,High DP (ε=1.15),0.578947372
1258,Female,High DP (ε=1.15),0.586602859
1295,Female,High DP (ε=1.15),0.587799034
1332,Female,High DP (ε=1.15),0.578229675
1369,Female,High DP (ε=1.15),0.591626778
1406,Female,High DP (ε=1.15),0.603827744
1443,Female,High DP (ε=1.15),0.603349266
1480,Female,High DP (ε=1.15),0.607416267
1517,Female,High DP (ε=1.15),0.608851662
1554,Female,High DP (ε=1.15),0.613397141
1591,Female,High DP (ε=1.15),0.618181801
1628,Female,High DP (ε=1.15),0.619138756
1665,Female,High DP (ε=1.15),0.622488022
1702,Female,High DP (ε=1.15),0.62942585
1739,Female,High DP (ε=1.15),0.635167465
1776,Female,High DP (ε=1.15),0.632057419
1813,Female,High DP (ε=1.15),0.643779907
1850,Female,High DP (ε=1.15),0.639234467
1887,Female,High DP (ε=1.15),0.645693817
1924,Female,High DP (ε=1.15),0.652153091
1961,Female,High DP (ε=1.15),0.663157883
1998,Female,High DP (ε=1.15),0.662440186
2035,Female,High DP (ε=1.15),0.666028671
2072,Female,High DP (ε=1.15),0.669138794
2109,Female,High DP (ε=1.15),0.677511978
2146,Female,High DP (ε=1.15),0.677511978
2183,Female,High DP (ε=1.15),0.681100464
37,Female,Med DP (ε=4.98),0.494976082
74,Female,Med DP (ε=4.98),0.493779907
111,Female,Med DP (ε=4.98),0.494258385
148,Female,Med DP (ε=4.98),0.49976078
185,Female,Med DP (ε=4.98),0.506459312
222,Female,Med DP (ε=4.98),0.514354057
259,Female,Med DP (ε=4.98),0.519856453
296,Female,Med DP (ε=4.98),0.525119629
333,Female,Med DP (ε=4.98),0.546411476
370,Female,Med DP (ε=4.98),0.552870827
407,Female,Med DP (ε=4.98),0.569856453
444,Female,Med DP (ε=4.98),0.580143547
481,Female,Med DP (ε=4.98),0.586842117
518,Female,Med DP (ε=4.98),0.589712906
555,Female,Med DP (ε=4.98),0.585645943
592,Female,Med DP (ε=4.98),0.602631569
629,Female,Med DP (ε=4.98),0.602153091
666,Female,Med DP (ε=4.98),0.608612442
703,Female,Med DP (ε=4.98),0.627751198
740,Female,Med DP (ε=4.98),0.626555023
777,Female,Med DP (ε=4.98),0.64808609
814,Female,Med DP (ε=4.98),0.652392349
851,Female,Med DP (ε=4.98),0.667942581
888,Female,Med DP (ε=4.98),0.677511978
925,Female,Med DP (ε=4.98),0.694497604
962,Female,Med DP (ε=4.98),0.715071793
999,Female,Med DP (ε=4.98),0.72918663
1036,Female,Med DP (ε=4.98),0.743779907
1073,Female,Med DP (ε=4.98),0.758612442
1110,Female,Med DP (ε=4.98),0.776794281
1147,Female,Med DP (ε=4.98),0.786363602
1184,Female,Med DP (ε=4.98),0.800239258
1221,Female,Med DP (ε=4.98),0.805502396
1258,Female,Med DP (ε=4.98),0.815071793
1295,Female,Med DP (ε=4.98),0.819138794
1332,Female,Med DP (ε=4.98),0.817703323
1369,Female,Med DP (ε=4.98),0.834689026
1406,Female,Med DP (ε=4.98),0.839473648
1443,Female,Med DP (ε=4.98),0.842344513
1480,Female,Med DP (ε=4.98),0.843779907
1517,Female,Med DP (ε=4.98),0.844019165
1554,Female,Med DP (ε=4.98),0.848803864
1591,Female,Med DP (ε=4.98),0.846889954
1628,Female,Med DP (ε=4.98),0.850956955
1665,Female,Med DP (ε=4.98),0.856459351
1702,Female,Med DP (ε=4.98),0.860526352
1739,Female,Med DP (ε=4.98),0.858612442
1776,Female,Med DP (ε=4.98),0.859090881
1813,Female,Med DP (ε=4.98),0.861961746
1850,Female,Med DP (ε=4.98),0.860047836
1887,Female,Med DP (ε=4.98),0.862440186
1924,Female,Med DP (ε=4.98),0.864832535
1961,Female,Med DP (ε=4.98),0.866507187
1998,Female,Med DP (ε=4.98),0.864593277
2035,Female,Med DP (ε=4.98),0.866507187
2072,Female,Med DP (ε=4.98),0.866267929
2109,Female,Med DP (ε=4.98),0.87224884
2146,Female,Med DP (ε=4.98),0.869138794
2183,Female,Med DP (ε=4.98),0.868660278
37,Female,Low DP (ε=16.2),0.494258385
74,Female,Low DP (ε=16.2),0.494497604
111,Female,Low DP (ε=16.2),0.497368431
148,Female,Low DP (ε=16.2),0.515311012
185,Female,Low DP (ε=16.2),0.531100464
222,Female,Low DP (ε=16.2),0.543540688
259,Female,Low DP (ε=16.2),0.552870827
296,Female,Low DP (ε=16.2),0.564114838
333,Female,Low DP (ε=16.2),0.579186592
370,Female,Low DP (ε=16.2),0.580861244
407,Female,Low DP (ε=16.2),0.588995209
444,Female,Low DP (ε=16.2),0.600717697
481,Female,Low DP (ε=16.2),0.617703362
518,Female,Low DP (ε=16.2),0.638277512
555,Female,Low DP (ε=16.2),0.638038292
592,Female,Low DP (ε=16.2),0.671052628
629,Female,Low DP (ε=16.2),0.680622025
666,Female,Low DP (ε=16.2),0.710047836
703,Female,Low DP (ε=16.2),0.735406723
740,Female,Low DP (ε=16.2),0.752631607
777,Female,Low DP (ε=16.2),0.77224884
814,Female,Low DP (ε=16.2),0.794497604
851,Female,Low DP (ε=16.2),0.808612442
888,Female,Low DP (ε=16.2),0.817224884
925,Female,Low DP (ε=16.2),0.831100464
962,Female,Low DP (ε=16.2),0.838755951
999,Female,Low DP (ε=16.2),0.840669861
1036,Female,Low DP (ε=16.2),0.846411514
1073,Female,Low DP (ε=16.2),0.845215302
1110,Female,Low DP (ε=16.2),0.849521561
1147,Female,Low DP (ε=16.2),0.852631607
1184,Female,Low DP (ε=16.2),0.855263138
1221,Female,Low DP (ε=16.2),0.855502396
1258,Female,Low DP (ε=16.2),0.858134003
1295,Female,Low DP (ε=16.2),0.860765533
1332,Female,Low DP (ε=16.2),0.859808578
1369,Female,Low DP (ε=16.2),0.865550232
1406,Female,Low DP (ε=16.2),0.867464142
1443,Female,Low DP (ε=16.2),0.87081337
1480,Female,Low DP (ε=16.2),0.870095673
1517,Female,Low DP (ε=16.2),0.870574188
1554,Female,Low DP (ε=16.2),0.871052628
1591,Female,Low DP (ε=16.2),0.871531067
1628,Female,Low DP (ε=16.2),0.87224884
1665,Female,Low DP (ε=16.2),0.874401932
1702,Female,Low DP (ε=16.2),0.876555023
1739,Female,Low DP (ε=16.2),0.875837326
1776,Female,Low DP (ε=16.2),0.874641113
1813,Female,Low DP (ε=16.2),0.876555023
1850,Female,Low DP (ε=16.2),0.874401932
1887,Female,Low DP (ε=16.2),0.878947372
1924,Female,Low DP (ε=16.2),0.878229675
1961,Female,Low DP (ε=16.2),0.878708115
1998,Female,Low DP (ε=16.2),0.877511978
2035,Female,Low DP (ε=16.2),0.880143509
2072,Female,Low DP (ε=16.2),0.879425812
2109,Female,Low DP (ε=16.2),0.880861206
2146,Female,Low DP (ε=16.2),0.882775116
2183,Female,Low DP (ε=16.2),0.883253555
37,Female,Non-DP,0.912440186
74,Female,Non-DP,0.911722488
111,Female,Non-DP,0.905263138
148,Female,Non-DP,0.916507187
185,Female,Non-DP,0.917224884
222,Female,Non-DP,0.918899536
259,Female,Non-DP,0.9088517
296,Female,Non-DP,0.915071793
333,Female,Non-DP,0.914832535
370,Female,Non-DP,0.912918625
407,Female,Non-DP,0.913397141
444,Female,Non-DP,0.916746445
481,Female,Non-DP,0.90693779
518,Female,Non-DP,0.910287094
555,Female,Non-DP,0.917224884
592,Female,Non-DP,0.919377975
629,Female,Non-DP,0.899521561
666,Female,Non-DP,0.92033493
703,Female,Non-DP,0.911722488
740,Female,Non-DP,0.917942581
777,Female,Non-DP,0.909330139
814,Female,Non-DP,0.912679443
851,Female,Non-DP,0.912200928
888,Female,Non-DP,0.912679443
925,Female,Non-DP,0.915550232
962,Female,Non-DP,0.919138794
999,Female,Non-DP,0.91578949
1036,Female,Non-DP,0.906220093
1073,Female,Non-DP,0.908134003
1110,Female,Non-DP,0.904306183
1147,Female,Non-DP,0.914354095
1184,Female,Non-DP,0.917703323
1221,Female,Non-DP,0.912440186
1258,Female,Non-DP,0.914832535
1295,Female,Non-DP,0.915550232
1332,Female,Non-DP,0.916746445
1369,Female,Non-DP,0.913397141
1406,Female,Non-DP,0.915071793
1443,Female,Non-DP,0.904306183
1480,Female,Non-DP,0.913636398
1517,Female,Non-DP,0.912679443
1554,Female,Non-DP,0.913397141
1591,Female,Non-DP,0.911961746
1628,Female,Non-DP,0.914832535
1665,Female,Non-DP,0.911004791
1702,Female,Non-DP,0.912918625
1739,Female,Non-DP,0.91387558
1776,Female,Non-DP,0.91578949
1813,Female,Non-DP,0.92081337
1850,Female,Non-DP,0.911483231
1887,Female,Non-DP,0.914114838
1924,Female,Non-DP,0.915071793
1961,Female,Non-DP,0.913397141
1998,Female,Non-DP,0.900717697
2035,Female,Non-DP,0.909569397
2072,Female,Non-DP,0.915310974
2109,Female,Non-DP,0.917464142
2146,Female,Non-DP,0.914832535
2183,Female,Non-DP,0.913636398
37,Male,High DP (ε=1.15),0.49532711
74,Male,High DP (ε=1.15),0.494777336
111,Male,High DP (ε=1.15),0.494777336
148,Male,High DP (ε=1.15),0.494777336
185,Male,High DP (ε=1.15),0.495876846
222,Male,High DP (ε=1.15),0.497526131
259,Male,High DP (ε=1.15),0.49642662
296,Male,High DP (ε=1.15),0.496976357
333,Male,High DP (ε=1.15),0.498075867
370,Male,High DP (ε=1.15),0.498625603
407,Male,High DP (ε=1.15),0.50467289
444,Male,High DP (ε=1.15),0.51951622
481,Male,High DP (ε=1.15),0.526113243
518,Male,High DP (ε=1.15),0.537658043
555,Male,High DP (ε=1.15),0.536008797
592,Male,High DP (ε=1.15),0.548103371
629,Male,High DP (ε=1.15),0.546454086
666,Male,High DP (ε=1.15),0.54590435
703,Male,High DP (ε=1.15),0.551401863
740,Male,High DP (ε=1.15),0.547553596
777,Male,High DP (ε=1.15),0.561297417
814,Male,High DP (ε=1.15),0.55634964
851,Male,High DP (ε=1.15),0.560197906
888,Male,High DP (ε=1.15),0.560747681
925,Male,High DP (ε=1.15),0.564046173
962,Male,High DP (ε=1.15),0.567344704
999,Male,High DP (ε=1.15),0.567344704
1036,Male,High DP (ε=1.15),0.567344704
1073,Male,High DP (ε=1.15),0.56679493
1110,Male,High DP (ε=1.15),0.571742706
1147,Male,High DP (ε=1.15),0.568444214
1184,Male,High DP (ε=1.15),0.575590973
1221,Male,High DP (ε=1.15),0.57119297
1258,Male,High DP (ε=1.15),0.575590973
1295,Male,High DP (ε=1.15),0.575041237
1332,Male,High DP (ε=1.15),0.56789444
1369,Male,High DP (ε=1.15),0.577240257
1406,Male,High DP (ε=1.15),0.586586037
1443,Male,High DP (ε=1.15),0.588235283
1480,Male,High DP (ε=1.15),0.59538208
1517,Male,High DP (ε=1.15),0.597031326
1554,Male,High DP (ε=1.15),0.599780083
1591,Male,High DP (ε=1.15),0.601979103
1628,Male,High DP (ε=1.15),0.5975811
1665,Male,High DP (ε=1.15),0.600329857
1702,Male,High DP (ε=1.15),0.605277634
1739,Male,High DP (ε=1.15),0.602528877
1776,Male,High DP (ε=1.15),0.604727859
1813,Male,High DP (ε=1.15),0.615722923
1850,Male,High DP (ε=1.15),0.611324921
1887,Male,High DP (ε=1.15),0.616272659
1924,Male,High DP (ε=1.15),0.620120964
1961,Male,High DP (ε=1.15),0.625068703
1998,Male,High DP (ε=1.15),0.625068703
2035,Male,High DP (ε=1.15),0.624518967
2072,Male,High DP (ε=1.15),0.630016479
2109,Male,High DP (ε=1.15),0.638262787
2146,Male,High DP (ε=1.15),0.637713013
2183,Male,High DP (ε=1.15),0.636613541
37,Male,Med DP (ε=4.98),0.494777336
74,Male,Med DP (ε=4.98),0.494777336
111,Male,Med DP (ε=4.98),0.495876846
148,Male,Med DP (ε=4.98),0.503023643
185,Male,Med DP (ε=4.98),0.511269913
222,Male,Med DP (ε=4.98),0.51841671
259,Male,Med DP (ε=4.98),0.526113243
296,Male,Med DP (ε=4.98),0.53216053
333,Male,Med DP (ε=4.98),0.54480484
370,Male,Med DP (ε=4.98),0.55415062
407,Male,Med DP (ε=4.98),0.562396927
444,Male,Med DP (ε=4.98),0.565695419
481,Male,Med DP (ε=4.98),0.576140747
518,Male,Med DP (ε=4.98),0.576140747
555,Male,Med DP (ε=4.98),0.574491463
592,Male,Med DP (ε=4.98),0.589884567
629,Male,Med DP (ε=4.98),0.594832344
666,Male,Med DP (ε=4.98),0.595931816
703,Male,Med DP (ε=4.98),0.609675636
740,Male,Med DP (ε=4.98),0.61022541
777,Male,Med DP (ε=4.98),0.620120964
814,Male,Med DP (ε=4.98),0.628367233
851,Male,Med DP (ε=4.98),0.637163277
888,Male,Med DP (ε=4.98),0.63331501
925,Male,Med DP (ε=4.98),0.647608566
962,Male,Med DP (ε=4.98),0.654755325
999,Male,Med DP (ε=4.98),0.667949448
1036,Male,Med DP (ε=4.98),0.678944473
1073,Male,Med DP (ε=4.98),0.683892212
1110,Male,Med DP (ε=4.98),0.69653656
1147,Male,Med DP (ε=4.98),0.702034073
1184,Male,Med DP (ε=4.98),0.709730606
1221,Male,Med DP (ε=4.98),0.709730606
1258,Male,Med DP (ε=4.98),0.726223221
1295,Male,Med DP (ε=4.98),0.729521713
1332,Male,Med DP (ε=4.98),0.730071487
1369,Male,Med DP (ε=4.98),0.739967041
1406,Male,Med DP (ε=4.98),0.747663574
1443,Male,Med DP (ε=4.98),0.746014328
1480,Male,Med DP (ε=4.98),0.755909805
1517,Male,Med DP (ε=4.98),0.760307846
1554,Male,Med DP (ε=4.98),0.758108826
1591,Male,Med DP (ε=4.98),0.757009354
1628,Male,Med DP (ε=4.98),0.765255661
1665,Male,Med DP (ε=4.98),0.77460144
1702,Male,Med DP (ε=4.98),0.77240242
1739,Male,Med DP (ε=4.98),0.77460144
1776,Male,Med DP (ε=4.98),0.781198425
1813,Male,Med DP (ε=4.98),0.787795486
1850,Male,Med DP (ε=4.98),0.778449707
1887,Male,Med DP (ε=4.98),0.78614624
1924,Male,Med DP (ε=4.98),0.791093979
1961,Male,Med DP (ε=4.98),0.79549202
1998,Male,Med DP (ε=4.98),0.786696014
2035,Male,Med DP (ε=4.98),0.78614624
2072,Male,Med DP (ε=4.98),0.784496994
2109,Male,Med DP (ε=4.98),0.792193527
2146,Male,Med DP (ε=4.98),0.790544281
2183,Male,Med DP (ε=4.98),0.78614624
37,Male,Low DP (ε=16.2),0.49532711
74,Male,Low DP (ε=16.2),0.49532711
111,Male,Low DP (ε=16.2),0.505222664
148,Male,Low DP (ε=16.2),0.52061573
185,Male,Low DP (ε=16.2),0.536558533
222,Male,Low DP (ε=16.2),0.548653107
259,Male,Low DP (ε=16.2),0.553051109
296,Male,Low DP (ε=16.2),0.552501373
333,Male,Low DP (ε=16.2),0.560747681
370,Male,Low DP (ε=16.2),0.56899395
407,Male,Low DP (ε=16.2),0.574491463
444,Male,Low DP (ε=16.2),0.58493679
481,Male,Low DP (ε=16.2),0.602528877
518,Male,Low DP (ε=16.2),0.60802639
555,Male,Low DP (ε=16.2),0.614073677
592,Male,Low DP (ε=16.2),0.63331501
629,Male,Low DP (ε=16.2),0.637713013
666,Male,Low DP (ε=16.2),0.647058792
703,Male,Low DP (ε=16.2),0.66904892
740,Male,Low DP (ε=16.2),0.677295227
777,Male,Low DP (ε=16.2),0.691039047
814,Male,Low DP (ε=16.2),0.706432114
851,Male,Low DP (ε=16.2),0.713029175
888,Male,Low DP (ε=16.2),0.728422241
925,Male,Low DP (ε=16.2),0.738867493
962,Male,Low DP (ε=16.2),0.746564026
999,Male,Low DP (ε=16.2),0.749862595
1036,Male,Low DP (ε=16.2),0.759208374
1073,Male,Low DP (ε=16.2),0.76085762
1110,Male,Low DP (ε=16.2),0.77240242
1147,Male,Low DP (ε=16.2),0.77240242
1184,Male,Low DP (ε=16.2),0.779549179
1221,Male,Low DP (ε=16.2),0.780098953
1258,Male,Low DP (ε=16.2),0.782297974
1295,Male,Low DP (ε=16.2),0.784496994
1332,Male,Low DP (ε=16.2),0.780098953
1369,Male,Low DP (ε=16.2),0.789444733
1406,Male,Low DP (ε=16.2),0.792193527
1443,Male,Low DP (ε=16.2),0.792193527
1480,Male,Low DP (ε=16.2),0.794942245
1517,Male,Low DP (ε=16.2),0.790544281
1554,Male,Low DP (ε=16.2),0.797141266
1591,Male,Low DP (ε=16.2),0.790544281
1628,Male,Low DP (ε=16.2),0.793292999
1665,Male,Low DP (ε=16.2),0.794392548
1702,Male,Low DP (ε=16.2),0.796041794
1739,Male,Low DP (ε=16.2),0.79769104
1776,Male,Low DP (ε=16.2),0.804837799
1813,Male,Low DP (ε=16.2),0.803738327
1850,Male,Low DP (ε=16.2),0.802089081
1887,Male,Low DP (ε=16.2),0.802638779
1924,Male,Low DP (ε=16.2),0.803738327
1961,Male,Low DP (ε=16.2),0.804288101
1998,Male,Low DP (ε=16.2),0.810885086
2035,Male,Low DP (ε=16.2),0.809785614
2072,Male,Low DP (ε=16.2),0.805937347
2109,Male,Low DP (ε=16.2),0.812534332
2146,Male,Low DP (ε=16.2),0.807036819
2183,Male,Low DP (ε=16.2),0.805387573
37,Male,Non-DP,0.866959839
74,Male,Non-DP,0.877405167
111,Male,Non-DP,0.865860367
148,Male,Non-DP,0.884551926
185,Male,Non-DP,0.880703659
222,Male,Non-DP,0.881803207
259,Male,Non-DP,0.882902679
296,Male,Non-DP,0.881253433
333,Male,Non-DP,0.874656372
370,Male,Non-DP,0.877954941
407,Male,Non-DP,0.881803207
444,Male,Non-DP,0.8735569
481,Male,Non-DP,0.877405167
518,Male,Non-DP,0.874656372
555,Male,Non-DP,0.877405167
592,Male,Non-DP,0.877405167
629,Male,Non-DP,0.868059387
666,Male,Non-DP,0.870258408
703,Male,Non-DP,0.877405167
740,Male,Non-DP,0.881253433
777,Male,Non-DP,0.879054413
814,Male,Non-DP,0.880153961
851,Male,Non-DP,0.880153961
888,Male,Non-DP,0.881253433
925,Male,Non-DP,0.884551926
962,Male,Non-DP,0.870808105
999,Male,Non-DP,0.877954941
1036,Male,Non-DP,0.88730072
1073,Male,Non-DP,0.875206146
1110,Male,Non-DP,0.875206146
1147,Male,Non-DP,0.8851017
1184,Male,Non-DP,0.889499741
1221,Male,Non-DP,0.890599213
1258,Male,Non-DP,0.882902679
1295,Male,Non-DP,0.878504639
1332,Male,Non-DP,0.876305695
1369,Male,Non-DP,0.883452454
1406,Male,Non-DP,0.880153961
1443,Male,Non-DP,0.869158859
1480,Male,Non-DP,0.883452454
1517,Male,Non-DP,0.865860367
1554,Male,Non-DP,0.880153961
1591,Male,Non-DP,0.875206146
1628,Male,Non-DP,0.875206146
1665,Male,Non-DP,0.875206146
1702,Male,Non-DP,0.884002228
1739,Male,Non-DP,0.882352905
1776,Male,Non-DP,0.88730072
1813,Male,Non-DP,0.886201172
1850,Male,Non-DP,0.884551926
1887,Male,Non-DP,0.877954941
1924,Male,Non-DP,0.882352905
1961,Male,Non-DP,0.868059387
1998,Male,Non-DP,0.87135788
2035,Male,Non-DP,0.870808105
2072,Male,Non-DP,0.8851017
2109,Male,Non-DP,0.8851017
2146,Male,Non-DP,0.876305695
2183,Male,Non-DP,0.877405167